{"version":1,"allow_edit":true,"plugins":[],"panes":[{"title":"Datos PT","width":1,"row":{"3":1,"4":1},"col":{"3":1,"4":1},"col_width":4,"widgets":[{"type":"text_widget","settings":{"title":"Timestamp","size":"regular","value":"datasources[\"Datos PT\"][0][\"timestamp\"]","animate":true}},{"type":"text_widget","settings":{"title":"RH","size":"regular","value":["datasources[\"Datos PT\"][0][\"rh\"]"],"sparkline":false,"animate":true}},{"type":"text_widget","settings":{"title":"Temperatura","size":"regular","value":"datasources[\"Datos PT\"][0][\"temp\"]","animate":true,"units":"C°"}},{"type":"text_widget","settings":{"title":"CO2","size":"regular","value":"datasources[\"Datos PT\"][0][\"co2\"]","animate":true}},{"type":"text_widget","settings":{"title":"CO","size":"regular","value":"datasources[\"Datos PT\"][0][\"co\"]","animate":true}}]}],"datasources":[{"name":"Datos PT","type":"JSON","settings":{"url":"http://10.48.149.219/Gpo32-E2/holaPT.php","use_thingproxy":true,"refresh":5,"method":"GET"}}],"columns":4}