{"version":1,"allow_edit":true,"plugins":[],"panes":[{"title":"Datos MATLAB","width":1,"row":{"3":1},"col":{"3":1},"col_width":4,"widgets":[{"type":"text_widget","settings":{"title":"PM10","size":"regular","value":"datasources[\"Datos MATLAB\"][1][\"pm10\"]","animate":true}},{"type":"text_widget","settings":{"title":"PM25","size":"regular","value":"datasources[\"Datos MATLAB\"][1][\"pm25\"]","animate":true}},{"type":"text_widget","settings":{"title":"RH","size":"regular","value":"datasources[\"Datos MATLAB\"][1][\"rh\"]","animate":true}},{"type":"text_widget","settings":{"title":"CheckSum","size":"regular","value":"datasources[\"Datos MATLAB\"][1][\"checksum\"]","animate":true}},{"type":"text_widget","settings":{"title":"Paridad","size":"regular","value":"datasources[\"Datos MATLAB\"][1][\"paridad\"]","animate":true}}]}],"datasources":[{"name":"Datos MATLAB","type":"JSON","settings":{"url":"http://10.48.149.219/Gpo32-E2/holaMATLAB.php","use_thingproxy":true,"refresh":5,"method":"GET"}}],"columns":3}