{"version":1,"allow_edit":true,"plugins":[],"panes":[{"title":"PM10","width":1,"row":{"3":1},"col":{"3":1},"col_width":14,"widgets":[{"type":"text_widget","settings":{"title":"ATI","size":"regular","value":"datasources[\"PM10\"][0][\"ATI\"]","animate":true}},{"type":"text_widget","settings":{"title":"BJU","size":"regular","value":"datasources[\"PM10\"][0][\"BJU\"]","animate":true}},{"type":"text_widget","settings":{"title":"CAM","size":"regular","value":"datasources[\"PM10\"][0][\"CAM\"]","animate":true}},{"type":"text_widget","settings":{"title":"CUT","size":"regular","value":"datasources[\"PM10\"][0][\"CUT\"]","animate":true}},{"type":"text_widget","settings":{"title":"FAC","size":"regular","value":"datasources[\"PM10\"][0][\"FAC\"]","animate":true}},{"type":"text_widget","settings":{"title":"INN","size":"regular","value":"datasources[\"PM10\"][0][\"INN\"]","animate":true}},{"type":"text_widget","settings":{"title":"IZT","size":"regular","value":"datasources[\"PM10\"][0][\"IZT\"]","animate":true}},{"type":"text_widget","settings":{"title":"MER","size":"regular","value":"datasources[\"PM10\"][0][\"MER\"]","animate":true}},{"type":"text_widget","settings":{"title":"PED","size":"regular","value":"datasources[\"PM10\"][0][\"PED\"]","animate":true}},{"type":"text_widget","settings":{"title":"SAG","size":"regular","value":"datasources[\"PM10\"][0][\"SAG\"]","animate":true}},{"type":"text_widget","settings":{"title":"SFE","size":"regular","value":"datasources[\"PM10\"][0][\"SFE\"]","animate":true}},{"type":"text_widget","settings":{"title":"TLA","size":"regular","value":"datasources[\"PM10\"][0][\"TLA\"]","animate":true}},{"type":"text_widget","settings":{"title":"UIZ","size":"regular","value":"datasources[\"PM10\"][0][\"UIZ\"]","animate":true}},{"type":"text_widget","settings":{"title":"VIF","size":"regular","value":"datasources[\"PM10\"][0][\"VIF\"]","animate":true}}]}],"datasources":[{"name":"PM10","type":"JSON","settings":{"url":"http://10.48.149.219/Gpo32-E2/holaExcelPM10.php","use_thingproxy":true,"refresh":5,"method":"GET"}}],"columns":3}