{"version":1,"allow_edit":true,"plugins":[],"panes":[{"title":"O3","width":1,"row":{"3":1},"col":{"3":1},"col_width":23,"widgets":[{"type":"text_widget","settings":{"title":"ATI","size":"regular","value":"datasources[\"O3\"][0][\"ATI\"]","animate":true}},{"type":"text_widget","settings":{"title":"BJU","size":"regular","value":"datasources[\"O3\"][0][\"BJU\"]","animate":true}},{"type":"text_widget","settings":{"title":"CAM","size":"regular","value":"datasources[\"O3\"][0][\"CAM\"]","animate":true}},{"type":"text_widget","settings":{"title":"CCA","size":"regular","value":"datasources[\"O3\"][0][\"CCA\"]","animate":true}},{"type":"text_widget","settings":{"title":"CUT","size":"regular","value":"datasources[\"O3\"][0][\"CUT\"]","animate":true}},{"type":"text_widget","settings":{"title":"FAC","size":"regular","value":"datasources[\"O3\"][0][\"FAC\"]","animate":true}},{"type":"text_widget","settings":{"title":"FAR","size":"regular","value":"datasources[\"O3\"][0][\"FAR\"]","animate":true}},{"type":"text_widget","settings":{"title":"GAM","size":"regular","value":"datasources[\"O3\"][0][\"GAM\"]","animate":true}},{"type":"text_widget","settings":{"title":"HGM","size":"regular","value":"datasources[\"O3\"][0][\"HGM\"]","animate":true}},{"type":"text_widget","settings":{"title":"IZT","size":"regular","value":"datasources[\"O3\"][0][\"IZT\"]","animate":true}},{"type":"text_widget","settings":{"title":"LLA","size":"regular","value":"datasources[\"O3\"][0][\"LLA\"]","animate":true}},{"type":"text_widget","settings":{"title":"MER","size":"regular","value":"datasources[\"O3\"][0][\"MER\"]","animate":true}},{"type":"text_widget","settings":{"title":"MGH","size":"regular","value":"datasources[\"O3\"][0][\"MGH\"]","animate":true}},{"type":"text_widget","settings":{"title":"NEZ","size":"regular","value":"datasources[\"O3\"][0][\"NEZ\"]","animate":true}},{"type":"text_widget","settings":{"title":"PED","size":"regular","value":"datasources[\"O3\"][0][\"PED\"]","animate":true}},{"type":"text_widget","settings":{"title":"SAC","size":"regular","value":"datasources[\"O3\"][0][\"SAC\"]","animate":true}},{"type":"text_widget","settings":{"title":"SAG","size":"regular","value":"datasources[\"O3\"][0][\"SAG\"]","animate":true}},{"type":"text_widget","settings":{"title":"SFE","size":"regular","value":"datasources[\"O3\"][0][\"SFE\"]","animate":true}},{"type":"text_widget","settings":{"title":"TAH","size":"regular","value":"datasources[\"O3\"][0][\"TAH\"]","animate":true}},{"type":"text_widget","settings":{"title":"TLA","size":"regular","value":"datasources[\"O3\"][0][\"TLA\"]","animate":true}},{"type":"text_widget","settings":{"title":"UAX","size":"regular","value":"datasources[\"O3\"][0][\"UAX\"]","animate":true}},{"type":"text_widget","settings":{"title":"UIZ","size":"regular","value":"datasources[\"O3\"][0][\"UIZ\"]","animate":true}},{"type":"text_widget","settings":{"title":"VIF","size":"regular","value":"datasources[\"O3\"][0][\"VIF\"]","animate":true}}]}],"datasources":[{"name":"O3","type":"JSON","settings":{"url":"http://10.48.149.219/Gpo32-E2/holaExcelO3.php","use_thingproxy":true,"refresh":5,"method":"GET"}}],"columns":3}