{"version":1,"allow_edit":true,"plugins":[],"panes":[{"width":1,"row":{"3":1},"col":{"3":1},"col_width":21,"widgets":[{"type":"text_widget","settings":{"title":"BJU","size":"regular","value":"datasources[\"PM25\"][0][\"BJU\"]","animate":true}},{"type":"text_widget","settings":{"title":"CAM","size":"regular","value":"datasources[\"PM25\"][0][\"CAM\"]","animate":true}},{"type":"text_widget","settings":{"title":"CCA","size":"regular","value":"datasources[\"PM25\"][0][\"CCA\"]","animate":true}},{"type":"text_widget","settings":{"title":"FAR","size":"regular","value":"datasources[\"PM25\"][0][\"FAR\"]","animate":true}},{"type":"text_widget","settings":{"title":"INN","size":"regular","value":"datasources[\"PM25\"][0][\"INN\"]","animate":true}},{"type":"text_widget","settings":{"title":"MER","size":"regular","value":"datasources[\"PM25\"][0][\"MER\"]","animate":true}},{"type":"text_widget","settings":{"title":"NEZ","size":"regular","value":"datasources[\"PM25\"][0][\"NEZ\"]","animate":true}},{"type":"text_widget","settings":{"title":"PED","size":"regular","value":"datasources[\"PM25\"][0][\"PED\"]","animate":true}},{"type":"text_widget","settings":{"title":"SAC","size":"regular","value":"datasources[\"PM25\"][0][\"SAC\"]","animate":true}},{"type":"text_widget","settings":{"title":"SAG","size":"regular","value":"datasources[\"PM25\"][0][\"SAG\"]","animate":true}},{"type":"text_widget","settings":{"title":"SFE","size":"regular","value":"datasources[\"PM25\"][0][\"SFE\"]","animate":true}},{"type":"text_widget","settings":{"title":"TLA","size":"regular","value":"datasources[\"PM25\"][0][\"TLA\"]","animate":true}},{"type":"text_widget","settings":{"title":"UAX","size":"regular","value":"datasources[\"PM25\"][0][\"UAX\"]","animate":true}},{"type":"text_widget","settings":{"title":"UIZ","size":"regular","value":"datasources[\"PM25\"][0][\"UIZ\"]","animate":true}}]}],"datasources":[{"name":"PM25","type":"JSON","settings":{"url":"http://10.48.149.219/Gpo32-E2/holaExcelPM25.php","use_thingproxy":true,"refresh":5,"method":"GET"}}],"columns":3}