{"version":1,"allow_edit":true,"plugins":[],"panes":[{"title":"Temperatura","width":1,"row":{"3":1},"col":{"3":1},"col_width":20,"widgets":[{"type":"text_widget","settings":{"title":"BJU","size":"regular","value":"datasources[\"Temp\"][0][\"BJU\"]","animate":true}},{"type":"text_widget","settings":{"title":"MON","size":"regular","value":"datasources[\"Temp\"][0][\"MON\"]","animate":true}},{"type":"text_widget","settings":{"title":"CHO","size":"regular","value":"datasources[\"Temp\"][0][\"CHO\"]","animate":true}},{"type":"text_widget","settings":{"title":"CUA","size":"regular","value":"datasources[\"Temp\"][0][\"CUA\"]","animate":true}},{"type":"text_widget","settings":{"title":"FAC","size":"regular","value":"datasources[\"Temp\"][0][\"FAC\"]","animate":true}},{"type":"text_widget","settings":{"title":"FAC","size":"regular","value":"datasources[\"Temp\"][0][\"FAC\"]","animate":true}},{"type":"text_widget","settings":{"title":"GAM","size":"regular","value":"datasources[\"Temp\"][0][\"GAM\"]","animate":true}},{"type":"text_widget","settings":{"title":"INN","size":"regular","value":"datasources[\"Temp\"][0][\"INN\"]","animate":true}},{"type":"text_widget","settings":{"title":"MER","size":"regular","value":"datasources[\"Temp\"][0][\"MER\"]","animate":true}},{"type":"text_widget","settings":{"title":"MGH","size":"regular","value":"datasources[\"Temp\"][0][\"MGH\"]","animate":true}},{"type":"text_widget","settings":{"title":"NEZ","size":"regular","value":"datasources[\"Temp\"][0][\"NEZ\"]","animate":true}},{"type":"text_widget","settings":{"title":"PED","size":"regular","value":"datasources[\"Temp\"][0][\"PED\"]","animate":true}},{"type":"text_widget","settings":{"title":"SAG","size":"regular","value":"datasources[\"Temp\"][0][\"SAG\"]","animate":true}},{"type":"text_widget","settings":{"title":"SFE","size":"regular","value":"datasources[\"Temp\"][0][\"SFE\"]","animate":true}},{"type":"text_widget","settings":{"title":"SS1","size":"regular","value":"datasources[\"Temp\"][0][\"SS1\"]","animate":true}},{"type":"text_widget","settings":{"title":"TAH","size":"regular","value":"datasources[\"Temp\"][0][\"TAH\"]","animate":true}},{"type":"text_widget","settings":{"title":"TLA","size":"regular","value":"datasources[\"Temp\"][0][\"TLA\"]","animate":true}},{"type":"text_widget","settings":{"title":"UAX","size":"regular","value":"datasources[\"Temp\"][0][\"UAX\"]","animate":true}},{"type":"text_widget","settings":{"title":"UIZ","size":"regular","value":"datasources[\"Temp\"][0][\"UIZ\"]","animate":true}},{"type":"text_widget","settings":{"title":"VIF","size":"regular","value":"datasources[\"Temp\"][0][\"VIF\"]","animate":true}},{"type":"text_widget","settings":{"title":"XAL","size":"regular","value":"datasources[\"Temp\"][0][\"XAL\"]","animate":true}}]}],"datasources":[{"name":"Temp","type":"JSON","settings":{"url":"http://10.48.149.219/Gpo32-E2/holaExcelTemp.php","use_thingproxy":true,"refresh":5,"method":"GET"}}],"columns":3}