{"version":1,"allow_edit":true,"plugins":[],"panes":[{"width":1,"row":{"3":1,"4":5},"col":{"3":2,"4":3},"col_width":1,"widgets":[{"type":"sparkline","settings":{"title":"Estación IZT","value":["datasources[\"SO2\"][0][\"IZT\"]"]}}]},{"width":1,"row":{"3":1,"4":17},"col":{"3":3,"4":4},"col_width":1,"widgets":[{"type":"sparkline","settings":{"title":"Estación LLA","value":["datasources[\"SO2\"][0][\"LLA\"]"]}}]},{"width":1,"row":{"3":1,"4":5},"col":{"3":1,"4":1},"col_width":1,"widgets":[{"type":"sparkline","settings":{"title":"Estación MER","value":["datasources[\"SO2\"][0][\"MER\"]"]}}]},{"width":1,"row":{"3":1,"4":11},"col":{"3":3,"4":4},"col_width":1,"widgets":[{"type":"sparkline","settings":{"title":"FAR","value":["datasources[\"SO2\"][0][\"FAR\"]"]}}]},{"width":1,"row":{"3":1,"4":5},"col":{"3":3,"4":4},"col_width":1,"widgets":[{"type":"sparkline","settings":{"title":"Estación CCA","value":["datasources[\"SO2\"][0][\"CCA\"]"]}}]},{"width":1,"row":{"3":1,"4":1},"col":{"3":3,"4":3},"col_width":2,"widgets":[{"type":"text_widget","settings":{"title":"ID","size":"regular","value":"datasources[\"SO2\"][0][\"id\"]","animate":true}}]},{"width":1,"row":{"4":1},"col":{"4":1},"col_width":2,"widgets":[{"type":"text_widget","settings":{"title":"Timestamp","size":"regular","value":"datasources[\"SO2\"][0][\"timestamp\"]","animate":true}}]},{"width":1,"row":{"3":5,"4":29,"5":23},"col":{"3":3,"4":4,"5":4},"col_width":1,"widgets":[{"type":"sparkline","settings":{"title":"Estación PED","value":["datasources[\"SO2\"][0][\"PED\"]"]}}]},{"width":1,"row":{"3":5,"4":17,"5":23},"col":{"3":2,"4":3,"5":3},"col_width":1,"widgets":[{"type":"sparkline","settings":{"title":"Estación NEZ","value":["datasources[\"SO2\"][0][\"NEZ\"]"]}}]},{"width":1,"row":{"3":5,"4":11,"5":17},"col":{"3":1,"4":2,"5":2},"col_width":1,"widgets":[{"type":"sparkline","settings":{"title":"Estación INN","value":["datasources[\"SO2\"][0][\"INN\"]"]}}]},{"width":1,"row":{"4":5,"5":5},"col":{"4":2,"5":3},"col_width":1,"widgets":[{"type":"sparkline","settings":{"title":"Estación CAM","value":["datasources[\"SO2\"][0][\"CAM\"]"]}}]},{"width":1,"row":{"4":11,"5":5},"col":{"4":1,"5":2},"col_width":1,"widgets":[{"type":"sparkline","settings":{"title":"Estación BJU","value":["datasources[\"SO2\"][0][\"BJU\"]"]}}]},{"width":1,"row":{"4":11,"5":5},"col":{"4":3,"5":1},"col_width":1,"widgets":[{"type":"sparkline","settings":{"title":"Estación ATI","value":["datasources[\"SO2\"][0][\"ATI\"]"]}}]},{"width":1,"row":{"3":9,"4":23,"5":29},"col":{"3":1,"4":1,"5":1},"col_width":1,"widgets":[{"type":"sparkline","settings":{"title":"Estación SFE","value":["datasources[\"SO2\"][0][\"SFE\"]"]}}]},{"width":1,"row":{"3":9,"4":29,"5":35},"col":{"3":2,"4":1,"5":1},"col_width":1,"widgets":[{"type":"sparkline","settings":{"title":"Estación UIZ","value":["datasources[\"SO2\"][0][\"UIZ\"]"]}}]},{"width":1,"row":{"3":9,"4":23,"5":29},"col":{"3":3,"4":2,"5":2},"col_width":1,"widgets":[{"type":"sparkline","settings":{"title":"Estación TAH","value":["datasources[\"SO2\"][0][\"TAH\"]"]}}]},{"width":1,"row":{"4":17,"5":11},"col":{"4":1,"5":3},"col_width":1,"widgets":[{"type":"sparkline","settings":{"title":"Estación FAC","value":["datasources[\"SO2\"][0][\"FAC\"]"]}}]},{"width":1,"row":{"4":17,"5":11},"col":{"4":2,"5":2},"col_width":1,"widgets":[{"type":"sparkline","settings":{"title":"Estación CUT","value":["datasources[\"SO2\"][0][\"CUT\"]"]}}]},{"width":1,"row":{"4":23,"5":11},"col":{"4":3,"5":1},"col_width":1,"widgets":[{"type":"sparkline","settings":{"title":"Estación MON","value":["datasources[\"SO2\"][0][\"MON\"]"]}}]},{"width":1,"row":{"3":13,"4":29,"5":23},"col":{"3":1,"4":2,"5":2},"col_width":1,"widgets":[{"type":"sparkline","settings":{"title":"Estación MGH","value":["datasources[\"SO2\"][0][\"MGH\"]"]}}]},{"width":1,"row":{"3":13,"4":29,"5":29},"col":{"3":2,"4":3,"5":3},"col_width":1,"widgets":[{"type":"sparkline","settings":{"title":"Estación TLA","value":["datasources[\"SO2\"][0][\"TLA\"]"]}}]},{"width":1,"row":{"3":13,"4":35,"5":29},"col":{"3":3,"4":4,"5":4},"col_width":1,"widgets":[{"type":"sparkline","settings":{"title":"Estación UAX","value":["datasources[\"SO2\"][0][\"UAX\"]"]}}]},{"width":1,"row":{"4":23,"5":17},"col":{"4":4,"5":1},"col_width":1,"widgets":[{"type":"sparkline","settings":{"title":"Estación HGM","value":["datasources[\"SO2\"][0][\"HGM\"]"]}}]},{"width":1,"row":{"4":35,"5":35},"col":{"4":2,"5":2},"col_width":1,"widgets":[{"type":"sparkline","settings":{"title":"Estación VIF","value":["datasources[\"SO2\"][0][\"VIF\"]"]}}]}],"datasources":[{"name":"SO2","type":"JSON","settings":{"url":"http://10.48.149.219/Gpo32-E2/holaExcelSO2.php","use_thingproxy":true,"refresh":2.5,"method":"GET"}}],"columns":4}