{"version":1,"allow_edit":true,"plugins":[],"panes":[{"width":1,"row":{"3":1,"4":1},"col":{"3":3,"4":4},"col_width":1,"widgets":[{"type":"gauge","settings":{"title":"Humedad","value":"datasources[\"Datos PT\"][0][\"rh\"]","min_value":0,"max_value":100}}]},{"width":1,"row":{"3":1,"4":1},"col":{"3":2,"4":2},"col_width":1,"widgets":[{"type":"gauge","settings":{"title":"CO","value":"datasources[\"Datos PT\"][0][\"co\"]","min_value":0,"max_value":"5"}}]},{"width":1,"row":{"3":1,"4":1},"col":{"3":3,"4":3},"col_width":1,"widgets":[{"type":"gauge","settings":{"title":"Temperatura","value":"datasources[\"Datos PT\"][0][\"temp\"]","min_value":0,"max_value":"30"}}]},{"width":1,"row":{"3":1,"4":1},"col":{"3":1,"4":1},"col_width":1,"widgets":[{"type":"gauge","settings":{"title":"CO2","value":"datasources[\"Datos PT\"][0][\"co2\"]","min_value":0,"max_value":"5"}}]},{"width":1,"row":{"3":9,"4":9},"col":{"3":1,"4":1},"col_width":1,"widgets":[{"type":"text_widget","settings":{"title":"ID","size":"regular","value":"datasources[\"Datos PT\"][0][\"id\"]","animate":true}}]},{"width":1,"row":{"3":9,"4":9},"col":{"3":2,"4":2},"col_width":1,"widgets":[{"type":"text_widget","settings":{"title":"Estación","size":"regular","value":"datasources[\"Datos PT\"][0][\"idEstacion\"]","animate":true}}]},{"width":1,"row":{"3":9,"4":9},"col":{"3":3,"4":3},"col_width":1,"widgets":[{"type":"text_widget","settings":{"title":"Timestamp","size":"regular","value":"datasources[\"Datos PT\"][0][\"timestamp\"]","animate":true}}]}],"datasources":[{"name":"Datos PT","type":"JSON","settings":{"url":"http://10.48.149.219/Gpo32-E2/holaPT.php","use_thingproxy":true,"refresh":5,"method":"GET"}}],"columns":4}