{"version":1,"allow_edit":true,"plugins":[],"panes":[{"width":1,"row":{"3":1,"4":5},"col":{"3":3,"4":3},"col_width":1,"widgets":[{"type":"sparkline","settings":{"title":"Estación TAH","value":["datasources[\"O3\"][0][\"TAH\"]"]}}]},{"width":1,"row":{"3":1,"4":5},"col":{"3":2,"4":2},"col_width":1,"widgets":[{"type":"sparkline","settings":{"title":"Estación NEZ","value":["datasources[\"O3\"][0][\"NEZ\"]"]}}]},{"width":1,"row":{"3":1,"4":5},"col":{"3":1,"4":1},"col_width":1,"widgets":[{"type":"sparkline","settings":{"title":"Estación UAX","value":["datasources[\"O3\"][0][\"UAX\"]"]}}]},{"width":1,"row":{"3":1,"4":17},"col":{"3":3,"4":4},"col_width":1,"widgets":[{"type":"sparkline","settings":{"title":"Estación SAC","value":["datasources[\"O3\"][0][\"SAC\"]"]}}]},{"width":1,"row":{"3":1,"4":23},"col":{"3":3,"4":4},"col_width":1,"widgets":[{"type":"sparkline","settings":{"title":"Estación TLA","value":["datasources[\"O3\"][0][\"TLA\"]"]}}]},{"width":1,"row":{"3":1,"4":11},"col":{"3":3,"4":4},"col_width":1,"widgets":[{"type":"sparkline","settings":{"title":"Estación GAM","value":["datasources[\"O3\"][0][\"GAM\"]"]}}]},{"width":1,"row":{"3":1,"4":5},"col":{"3":3,"4":4},"col_width":1,"widgets":[{"type":"sparkline","settings":{"title":"Estación CCA","value":["datasources[\"O3\"][0][\"CCA\"]"]}}]},{"width":1,"row":{"3":1,"4":1},"col":{"3":3,"4":3},"col_width":2,"widgets":[{"type":"text_widget","settings":{"title":"ID","size":"regular","value":"datasources[\"O3\"][0][\"id\"]","animate":true}}]},{"width":1,"row":{"4":1},"col":{"4":1},"col_width":2,"widgets":[{"type":"text_widget","settings":{"title":"Timestamp","size":"regular","value":"datasources[\"O3\"][0][\"timestamp\"]","animate":true}}]},{"width":1,"row":{"3":5,"4":11,"5":17},"col":{"3":3,"4":1,"5":4},"col_width":1,"widgets":[{"type":"sparkline","settings":{"title":"Estación MER","value":["datasources[\"O3\"][0][\"MER\"]"]}}]},{"width":1,"row":{"4":11,"5":5},"col":{"4":2,"5":1},"col_width":1,"widgets":[{"type":"sparkline","settings":{"title":"Estación ATI","value":["datasources[\"O3\"][0][\"ATI\"]"]}}]},{"width":1,"row":{"4":11,"5":5},"col":{"4":3,"5":2},"col_width":1,"widgets":[{"type":"sparkline","settings":{"title":"Estación BJU","value":"datasources[\"O3\"][0][\"BJU\"]"}}]},{"width":1,"row":{"4":17,"5":5},"col":{"4":1,"5":3},"col_width":1,"widgets":[{"type":"sparkline","settings":{"title":"Estación CAM","value":["datasources[\"O3\"][0][\"CAM\"]"]}}]},{"width":1,"row":{"4":17,"5":11},"col":{"4":2,"5":1},"col_width":1,"widgets":[{"type":"sparkline","settings":{"title":"Estación CUT","value":["datasources[\"O3\"][0][\"CUT\"]"]}}]},{"width":1,"row":{"4":17,"5":11},"col":{"4":3,"5":2},"col_width":1,"widgets":[{"type":"sparkline","settings":{"title":"Estación FAC","value":["datasources[\"O3\"][0][\"FAC\"]"]}}]},{"width":1,"row":{"4":23,"5":11},"col":{"4":1,"5":3},"col_width":1,"widgets":[{"type":"sparkline","settings":{"title":"Estación FAR","value":["datasources[\"O3\"][0][\"FAR\"]"]}}]},{"width":1,"row":{"4":23,"5":17},"col":{"4":2,"5":1},"col_width":1,"widgets":[{"type":"sparkline","settings":{"title":"Estación HGM","value":["datasources[\"O3\"][0][\"HGM\"]"]}}]},{"width":1,"row":{"4":23,"5":17},"col":{"4":3,"5":2},"col_width":1,"widgets":[{"type":"sparkline","settings":{"title":"Estación IZT","value":["datasources[\"O3\"][0][\"IZT\"]"]}}]},{"width":1,"row":{"4":29,"5":17},"col":{"4":1,"5":3},"col_width":1,"widgets":[{"type":"sparkline","settings":{"title":"Estación LLA","value":["datasources[\"O3\"][0][\"LLA\"]"]}}]},{"width":1,"row":{"4":29,"5":23},"col":{"4":2,"5":1},"col_width":1,"widgets":[{"type":"sparkline","settings":{"title":"Estación MGH","value":["datasources[\"O3\"][0][\"MGH\"]"]}}]},{"width":1,"row":{"4":29,"5":23},"col":{"4":3,"5":3},"col_width":1,"widgets":[{"type":"sparkline","settings":{"title":"Estación PED","value":["datasources[\"O3\"][0][\"PED\"]"]}}]},{"width":1,"row":{"4":35,"5":29},"col":{"4":2,"5":2},"col_width":1,"widgets":[{"type":"sparkline","settings":{"title":"Estación SFE","value":["datasources[\"O3\"][0][\"SFE\"]"]}}]},{"width":1,"row":{"4":35,"5":29},"col":{"4":1,"5":1},"col_width":1,"widgets":[{"type":"sparkline","settings":{"title":"Estación SAG","value":["datasources[\"O3\"][0][\"SAG\"]"]}}]},{"width":1,"row":{"4":29,"5":35},"col":{"4":4,"5":3},"col_width":1,"widgets":[{"type":"sparkline","settings":{"title":"Estación VIF","value":["datasources[\"O3\"][0][\"VIF\"]"]}}]},{"width":1,"row":{"4":35,"5":35},"col":{"4":3,"5":2},"col_width":1,"widgets":[{"type":"sparkline","settings":{"title":"Estación UIZ","value":["datasources[\"O3\"][0][\"UIZ\"]"]}}]}],"datasources":[{"name":"O3","type":"JSON","settings":{"url":"http://10.48.149.219/Gpo32-E2/holaExcelO3.php","use_thingproxy":true,"refresh":2.5,"method":"GET"}}],"columns":4}