{"version":1,"allow_edit":true,"plugins":[],"panes":[{"width":1,"row":{"3":1,"4":5},"col":{"3":1,"4":2},"col_width":1,"widgets":[{"type":"sparkline","settings":{"title":"Estación MON","value":["datasources[\"RH\"][0][\"MON\"]"]}}]},{"width":1,"row":{"3":1,"4":5},"col":{"3":3,"4":4},"col_width":1,"widgets":[{"type":"sparkline","settings":{"title":"Estación CUT","value":["datasources[\"RH\"][0][\"CUT\"]"]}}]},{"width":1,"row":{"3":1,"4":17},"col":{"3":3,"4":4},"col_width":1,"widgets":[{"type":"sparkline","settings":{"title":"Estación SAG","value":["datasources[\"RH\"][0][\"SAG\"]"]}}]},{"width":1,"row":{"3":1,"4":11},"col":{"3":3,"4":4},"col_width":1,"widgets":[{"type":"sparkline","settings":{"title":"Estación MER","value":["datasources[\"RH\"][0][\"MER\"]"]}}]},{"width":1,"row":{"3":1,"4":23},"col":{"3":3,"4":4},"col_width":1,"widgets":[{"type":"sparkline","settings":{"title":"Estación TLA","value":["datasources[\"RH\"][0][\"TLA\"]"]}}]},{"width":1,"row":{"3":1,"4":1},"col":{"3":3,"4":3},"col_width":2,"widgets":[{"type":"text_widget","settings":{"title":"ID","size":"regular","value":"datasources[\"RH\"][0][\"id\"]","animate":true}}]},{"width":1,"row":{"4":1},"col":{"4":1},"col_width":2,"widgets":[{"type":"text_widget","settings":{"title":"Timestamp","size":"regular","value":"datasources[\"RH\"][0][\"timestamp\"]","animate":true}}]},{"width":1,"row":{"4":5,"5":5},"col":{"4":1,"5":1},"col_width":1,"widgets":[{"type":"sparkline","settings":{"title":"Estación BJU","value":["datasources[\"RH\"][0][\"BJU\"]"]}}]},{"width":1,"row":{"4":5,"5":5},"col":{"4":3,"5":3},"col_width":1,"widgets":[{"type":"sparkline","settings":{"title":"Estación CHO","value":["datasources[\"RH\"][0][\"CHO\"]"]}}]},{"width":1,"row":{"4":11,"5":11},"col":{"4":3,"5":3},"col_width":1,"widgets":[{"type":"sparkline","settings":{"title":"Estación INN","value":["datasources[\"RH\"][0][\"INN\"]"]}}]},{"width":1,"row":{"4":11,"5":11},"col":{"4":2,"5":2},"col_width":1,"widgets":[{"type":"sparkline","settings":{"title":"Estación GAM","value":["datasources[\"RH\"][0][\"GAM\"]"]}}]},{"width":1,"row":{"4":11,"5":11},"col":{"4":1,"5":1},"col_width":1,"widgets":[{"type":"sparkline","settings":{"title":"Estación FAC","value":["datasources[\"RH\"][0][\"FAC\"]"]}}]},{"width":1,"row":{"4":17,"5":17},"col":{"4":3,"5":3},"col_width":1,"widgets":[{"type":"sparkline","settings":{"title":"Estación PED","value":["datasources[\"RH\"][0][\"PED\"]"]}}]},{"width":1,"row":{"4":17,"5":17},"col":{"4":2,"5":2},"col_width":1,"widgets":[{"type":"sparkline","settings":{"title":"Estación NEZ","value":["datasources[\"RH\"][0][\"NEZ\"]"]}}]},{"width":1,"row":{"4":17,"5":17},"col":{"4":1,"5":1},"col_width":1,"widgets":[{"type":"sparkline","settings":{"title":"Estación MGH","value":["datasources[\"RH\"][0][\"MGH\"]"]}}]},{"width":1,"row":{"4":23,"5":23},"col":{"4":3,"5":3},"col_width":1,"widgets":[{"type":"sparkline","settings":{"title":"Estación TAH","value":["datasources[\"RH\"][0][\"TAH\"]"]}}]},{"width":1,"row":{"4":23,"5":23},"col":{"4":2,"5":2},"col_width":1,"widgets":[{"type":"sparkline","settings":{"title":"Estación SS1","value":["datasources[\"RH\"][0][\"SS1\"]"]}}]},{"width":1,"row":{"4":23,"5":23},"col":{"4":1,"5":1},"col_width":1,"widgets":[{"type":"sparkline","settings":{"title":"Estación SFE","value":["datasources[\"RH\"][0][\"SFE\"]"]}}]},{"width":1,"row":{"4":29,"5":29},"col":{"4":3,"5":3},"col_width":1,"widgets":[{"type":"sparkline","settings":{"title":"Estación XAL","value":["datasources[\"RH\"][0][\"XAL\"]"]}}]},{"width":1,"row":{"4":29,"5":29},"col":{"4":2,"5":2},"col_width":1,"widgets":[{"type":"sparkline","settings":{"title":"Estación VIF","value":["datasources[\"RH\"][0][\"VIF\"]"]}}]},{"width":1,"row":{"4":29,"5":29},"col":{"4":1,"5":1},"col_width":1,"widgets":[{"type":"sparkline","settings":{"title":"Estación UAX","value":["datasources[\"RH\"][0][\"UAX\"]"]}}]}],"datasources":[{"name":"RH","type":"JSON","settings":{"url":"http://10.48.149.219/Gpo32-E2/holaExcelRH.php","use_thingproxy":true,"refresh":2.5,"method":"GET"}}],"columns":4}