{"version":1,"allow_edit":true,"plugins":[],"panes":[{"width":1,"row":{"3":1,"4":1},"col":{"3":3,"4":3},"col_width":2,"widgets":[{"type":"text_widget","settings":{"title":"ID","size":"regular","value":"datasources[\"CO\"][0][\"id\"]","animate":true}}]},{"title":"Fecha","width":1,"row":{"3":1,"4":1},"col":{"3":1,"4":1},"col_width":2,"widgets":[{"type":"text_widget","settings":{"title":"Timestamp","size":"regular","value":"datasources[\"CO\"][0][\"timestamp\"]","animate":true}}]},{"width":1,"row":{"4":5,"5":5},"col":{"4":4,"5":4},"col_width":1,"widgets":[{"type":"sparkline","settings":{"title":"Estación MON","value":["datasources[\"CO\"][0][\"MON\"]"]}}]},{"width":1,"row":{"4":11,"5":11},"col":{"4":4,"5":4},"col_width":1,"widgets":[{"type":"sparkline","settings":{"title":"Estación INN","value":["datasources[\"CO\"][0][\"INN\"]"]}}]},{"width":1,"row":{"4":17,"5":17},"col":{"4":4,"5":4},"col_width":1,"widgets":[{"type":"sparkline","settings":{"title":"Estación MGH","value":["datasources[\"CO\"][0][\"MGH\"]"]}}]},{"width":1,"row":{"4":23,"5":23},"col":{"4":4,"5":4},"col_width":1,"widgets":[{"type":"sparkline","settings":{"title":"Estación TAH","value":["datasources[\"CO\"][0][\"TAH\"]"]}}]},{"width":1,"row":{"4":29,"5":29},"col":{"4":4,"5":4},"col_width":1,"widgets":[{"type":"sparkline","settings":{"title":"Estación VIF","value":["datasources[\"CO\"][0][\"VIF\"]"]}}]},{"width":1,"row":{"3":5,"4":5,"5":5},"col":{"3":2,"4":1,"5":1},"col_width":1,"widgets":[{"type":"sparkline","settings":{"title":"Estación ATI","value":"datasources[\"CO\"][0][\"ATI\"]"}}]},{"title":"","width":1,"row":{"3":5,"4":5,"5":5},"col":{"3":1,"4":2,"5":2},"col_width":1,"widgets":[{"type":"sparkline","settings":{"title":"Estación BJU","value":["datasources[\"CO\"][0][\"BJU\"]"]}}]},{"width":1,"row":{"4":5,"5":5},"col":{"4":3,"5":3},"col_width":1,"widgets":[{"type":"sparkline","settings":{"title":"Estación CAM","value":["datasources[\"CO\"][0][\"CAM\"]"]}}]},{"width":1,"row":{"4":11,"5":11},"col":{"4":1,"5":1},"col_width":1,"widgets":[{"type":"sparkline","settings":{"title":"Estación FAC","value":["datasources[\"CO\"][0][\"FAC\"]"]}}]},{"width":1,"row":{"4":11,"5":11},"col":{"4":2,"5":2},"col_width":1,"widgets":[{"type":"sparkline","settings":{"title":"Estación FAR","value":["datasources[\"CO\"][0][\"FAR\"]"]}}]},{"width":1,"row":{"4":11,"5":11},"col":{"4":3,"5":3},"col_width":1,"widgets":[{"type":"sparkline","settings":{"title":"Estación FAR","value":["datasources[\"CO\"][0][\"FAR\"]"]}}]},{"width":1,"row":{"4":17,"5":17},"col":{"4":1,"5":1},"col_width":1,"widgets":[{"type":"sparkline","settings":{"title":"Estación IZT","value":["datasources[\"CO\"][0][\"IZT\"]"]}}]},{"width":1,"row":{"4":17,"5":17},"col":{"4":2,"5":2},"col_width":1,"widgets":[{"type":"sparkline","settings":{"title":"Estación LLA","value":["datasources[\"CO\"][0][\"LLA\"]"]}}]},{"width":1,"row":{"4":17,"5":17},"col":{"4":3,"5":3},"col_width":1,"widgets":[{"type":"sparkline","settings":{"title":"Estación MER","value":["datasources[\"CO\"][0][\"MER\"]"]}}]},{"width":1,"row":{"4":23,"5":23},"col":{"4":1,"5":1},"col_width":1,"widgets":[{"type":"sparkline","settings":{"title":"Estación NEZ","value":["datasources[\"CO\"][0][\"NEZ\"]"]}}]},{"width":1,"row":{"4":23,"5":23},"col":{"4":2,"5":2},"col_width":1,"widgets":[{"type":"sparkline","settings":{"title":"Estación PED","value":["datasources[\"CO\"][0][\"PED\"]"]}}]},{"width":1,"row":{"4":23,"5":23},"col":{"4":3,"5":3},"col_width":1,"widgets":[{"type":"sparkline","settings":{"title":"Estación SAG","value":["datasources[\"CO\"][0][\"SAG\"]"]}}]},{"width":1,"row":{"4":29,"5":29},"col":{"4":1,"5":1},"col_width":1,"widgets":[{"type":"sparkline","settings":{"title":"Estación TLA","value":["datasources[\"CO\"][0][\"TLA\"]"]}}]},{"width":1,"row":{"4":29,"5":29},"col":{"4":2,"5":2},"col_width":1,"widgets":[{"type":"sparkline","settings":{"title":"Estación UAX","value":["datasources[\"CO\"][0][\"UAX\"]"]}}]},{"width":1,"row":{"4":29,"5":29},"col":{"4":3,"5":3},"col_width":1,"widgets":[{"type":"sparkline","settings":{"title":"Estación UIZ","value":["datasources[\"CO\"][0][\"UIZ\"]"]}}]}],"datasources":[{"name":"CO","type":"JSON","settings":{"url":"http://10.48.149.219/Gpo32-E2/holaExcelCO.php","use_thingproxy":true,"refresh":2.5,"method":"GET"}}],"columns":4}