{"version":1,"allow_edit":true,"plugins":[],"panes":[{"width":1,"row":{"3":1,"4":1},"col":{"3":3,"4":2},"col_width":1,"widgets":[{"type":"indicator","settings":{"title":"Paridad","value":"datasources[\"Datos MATLAB\"][0][\"Paridad\"]"}},{"type":"indicator","settings":{"title":"CheckSum","value":"datasources[\"Datos MATLAB\"][0][\"CheckSum\"]"}}]},{"width":1,"row":{"3":1,"4":1},"col":{"3":3,"4":3},"col_width":1,"widgets":[{"type":"sparkline","settings":{"title":"PM10 y PM25","value":["datasources[\"Datos MATLAB\"][0][\"pm10\"]","datasources[\"Datos MATLAB\"][0][\"pm25\"]"],"include_legend":true,"legend":"PM10, PM25"}}]},{"width":1,"row":{"3":1,"4":1},"col":{"3":2,"4":4},"col_width":1,"widgets":[{"type":"gauge","settings":{"title":"Humedad","value":"datasources[\"Datos MATLAB\"][0][\"Humedad\"]","min_value":0,"max_value":100}}]},{"width":1,"row":{"4":1},"col":{"4":1},"col_width":1,"widgets":[{"type":"gauge","settings":{"title":"Temperatura","value":"datasources[\"Datos MATLAB\"][0][\"Temperatura\"]","min_value":0,"max_value":"40"}}]}],"datasources":[{"name":"Datos MATLAB","type":"JSON","settings":{"url":"http://10.48.149.219/Gpo32-E2/holaMATLAB.php","use_thingproxy":true,"refresh":1,"method":"GET","name":"Datos MATLAB"}}],"columns":4}