{"version":1,"allow_edit":true,"plugins":[],"panes":[{"width":1,"row":{"3":1,"4":17},"col":{"3":3,"4":4},"col_width":1,"widgets":[{"type":"sparkline","settings":{"title":"Estación TLA","value":["datasources[\"PM25\"][0][\"TLA\"]"]}}]},{"width":1,"row":{"3":1,"4":11},"col":{"3":3,"4":4},"col_width":1,"widgets":[{"type":"sparkline","settings":{"title":"Estación PED","value":["datasources[\"PM25\"][0][\"PED\"]"]}}]},{"width":1,"row":{"3":1,"4":5},"col":{"3":3,"4":4},"col_width":1,"widgets":[{"type":"sparkline","settings":{"title":"Estación FAR","value":["datasources[\"PM25\"][0][\"FAR\"]"]}}]},{"width":1,"row":{"3":1,"4":1},"col":{"3":3,"4":3},"col_width":2,"widgets":[{"type":"text_widget","settings":{"title":"ID","size":"regular","value":"datasources[\"PM25\"][0][\"id\"]","animate":true}}]},{"width":1,"row":{"4":1},"col":{"4":1},"col_width":2,"widgets":[{"type":"text_widget","settings":{"title":"Timestamp","size":"regular","value":"datasources[\"PM25\"][0][\"timestamp\"]","animate":true}}]},{"width":1,"row":{"4":5,"5":5},"col":{"4":1,"5":1},"col_width":1,"widgets":[{"type":"sparkline","settings":{"title":"Estación BJU","value":["datasources[\"PM25\"][0][\"BJU\"]"]}}]},{"width":1,"row":{"4":5,"5":5},"col":{"4":2,"5":2},"col_width":1,"widgets":[{"type":"sparkline","settings":{"title":"Estación CAM","value":["datasources[\"PM25\"][0][\"CAM\"]"]}}]},{"width":1,"row":{"4":5,"5":5},"col":{"4":3,"5":3},"col_width":1,"widgets":[{"type":"sparkline","settings":{"title":"Estación CCA","value":["datasources[\"PM25\"][0][\"CCA\"]"]}}]},{"width":1,"row":{"4":11,"5":11},"col":{"4":2,"5":2},"col_width":1,"widgets":[{"type":"sparkline","settings":{"title":"Estación MER","value":["datasources[\"PM25\"][0][\"MER\"]"]}}]},{"width":1,"row":{"4":11,"5":11},"col":{"4":3,"5":3},"col_width":1,"widgets":[{"type":"sparkline","settings":{"title":"Estación NEZ","value":["datasources[\"PM25\"][0][\"NEZ\"]"]}}]},{"width":1,"row":{"4":11,"5":11},"col":{"4":1,"5":1},"col_width":1,"widgets":[{"type":"sparkline","settings":{"title":"Estación INN","value":["datasources[\"PM25\"][0][\"INN\"]"]}}]},{"width":1,"row":{"4":17,"5":17},"col":{"4":2,"5":2},"col_width":1,"widgets":[{"type":"sparkline","settings":{"title":"Estación SAG","value":["datasources[\"PM25\"][0][\"SAG\"]"]}}]},{"width":1,"row":{"4":17,"5":17},"col":{"4":3,"5":3},"col_width":1,"widgets":[{"type":"sparkline","settings":{"title":"Estación SFE","value":["datasources[\"PM25\"][0][\"SFE\"]"]}}]},{"width":1,"row":{"4":17,"5":17},"col":{"4":1,"5":1},"col_width":1,"widgets":[{"type":"sparkline","settings":{"title":"Estación SAC","value":["datasources[\"PM25\"][0][\"SAC\"]"]}}]},{"width":1,"row":{"4":23,"5":23},"col":{"4":2,"5":2},"col_width":1,"widgets":[{"type":"sparkline","settings":{"title":"Estación UIZ","value":["datasources[\"PM25\"][0][\"UIZ\"]"]}}]},{"width":1,"row":{"4":23,"5":23},"col":{"4":1,"5":1},"col_width":1,"widgets":[{"type":"sparkline","settings":{"title":"Estación UAX","value":["datasources[\"PM25\"][0][\"UAX\"]"]}}]}],"datasources":[{"name":"PM25","type":"JSON","settings":{"url":"http://10.48.149.219/Gpo32-E2/holaExcelPM25.php","use_thingproxy":true,"refresh":2.5,"method":"GET"}}],"columns":4}